"date","home_team","away_team","is_shootout","home_win_pen","away_win_pen","first_shooter_home","first_shooter_away"
1967-08-22,"INDIA","TAIWAN",1,0,1,0,0
1971-11-14,"SOUTH KOREA","VIETNAM REPUBLIC",1,1,0,0,0
1972-05-07,"SOUTH KOREA","IRAQ",1,0,1,0,0
1972-05-17,"THAILAND","SOUTH KOREA",1,0,1,0,0
1972-05-19,"THAILAND","CAMBODIA",1,1,0,0,0
1973-04-21,"SENEGAL","GHANA",1,0,1,0,0
1973-06-14,"GUINEA","MALI",1,1,0,0,0
1973-06-14,"MAURITIUS","TANZANIA",1,1,0,0,0
1973-07-26,"MALAYSIA","KUWAIT",1,1,0,0,0
1973-07-26,"CAMBODIA","SINGAPORE",1,0,1,0,0
1973-07-27,"BANGLADESH","THAILAND",1,0,1,0,0
1973-07-28,"MYANMAR","SOUTH KOREA",1,1,0,0,0
1973-08-09,"INDIA","VIETNAM REPUBLIC",1,0,1,0,0
1973-08-23,"ALGERIA","SYRIA",1,0,1,0,0
1973-08-25,"ALGERIA","IRAQ",1,1,0,0,0
1973-09-06,"SINGAPORE","VIETNAM REPUBLIC",1,0,1,0,0
1974-03-28,"QATAR","UNITED ARAB EMIRATES",1,1,0,0,0
1974-07-24,"HONG KONG","INDONESIA",1,0,1,0,0
1974-08-01,"INDIA","INDONESIA",1,0,1,0,0
1974-10-09,"SYRIA","MOROCCO",1,0,1,0,0
1974-11-22,"LIBYA","TUNISIA",1,0,1,0,0
1974-12-18,"SOUTH KOREA","MALAYSIA",1,1,0,0,0
1975-07-13,"MOROCCO","GHANA",1,1,0,0,0
1975-11-09,"KENYA","MALAWI",1,1,0,0,0
1975-12-09,"THAILAND","MALAYSIA",1,1,0,0,0
1975-12-23,"LIBYA","SYRIA",1,0,1,0,0
1976-06-20,"CZECHOSLOVAKIA","GERMANY",1,1,0,1,0
1976-12-22,"SOUTH KOREA","MALAYSIA",1,0,1,0,0
1977-01-09,"TUNISIA","MOROCCO",1,1,0,0,0
1977-03-22,"ARGENTINA","IRAN",1,1,0,0,0
1977-06-26,"ZAMBIA","ALGERIA",1,1,0,0,0
1977-07-27,"IRAN","MOROCCO",1,1,0,0,0
1977-08-31,"PARAGUAY","ARGENTINA",1,1,0,0,0
1979-01-13,"GUINEA-BISSAU","MALI",1,0,1,0,0
1979-01-14,"GUINEA-BISSAU","GUINEA",1,0,1,0,0
1979-04-29,"CAMEROON","GUINEA",1,0,1,0,0
1979-05-22,"ARGENTINA","NETHERLANDS",1,1,0,1,0
1979-08-31,"SEYCHELLES","MAURITIUS",1,1,0,0,0
1979-09-29,"INDONESIA","THAILAND",1,1,0,0,0
1980-02-16,"GAMBIA","MAURITANIA",1,1,0,0,0
1980-03-19,"ALGERIA","EGYPT",1,1,0,0,0
1980-06-21,"ITALY","CZECHOSLOVAKIA",1,0,1,1,0
1980-07-12,"NIGERIA","TUNISIA",1,1,0,0,0
1980-11-30,"ZAMBIA","MOROCCO",1,0,1,0,0
1980-12-31,"HONG KONG","CHINA PR",1,0,1,0,0
1981-02-13,"MALI","GUINEA",1,0,1,0,0
1981-05-10,"RWANDA","ETHIOPIA",1,0,1,0,0
1981-12-13,"MALAYSIA","SINGAPORE",1,1,0,0,0
1982-02-21,"IVORY COAST","TOGO",1,0,1,0,0
1982-02-22,"IVORY COAST","BURKINA FASO",1,0,1,0,0
1982-03-19,"LIBYA","GHANA",1,0,1,0,0
1982-05-15,"THAILAND","SINGAPORE",1,1,0,0,0
1982-05-17,"THAILAND","SOUTH KOREA",1,1,0,0,0
1982-07-08,"GERMANY","FRANCE",1,1,0,0,1
1982-10-17,"INDONESIA","MALAYSIA",1,1,0,0,0
1982-11-27,"UGANDA","KENYA",1,0,1,0,0
1983-02-06,"SENEGAL","NIGER",1,1,0,0,0
1983-02-20,"GAMBIA","SIERRA LEONE",1,1,0,0,0
1983-02-27,"MALI","GUINEA",1,1,0,0,0
1983-04-22,"EGYPT","CONGO",1,1,0,0,0
1983-04-24,"MAURITIUS","ETHIOPIA",1,0,1,0,0
1983-06-04,"THAILAND","MALAYSIA",1,1,0,0,0
1983-07-18,"HONG KONG","THAILAND",1,0,1,0,0
1983-08-28,"MOROCCO","NIGERIA",1,0,1,0,0
1983-12-15,"IVORY COAST","MALI",1,1,0,0,0
1983-12-18,"MALI","NIGERIA",1,1,0,0,0
1984-02-16,"SIERRA LEONE","MALI",1,1,0,0,0
1984-02-19,"SIERRA LEONE","SENEGAL",1,0,1,0,0
1984-03-14,"EGYPT","NIGERIA",1,0,1,0,0
1984-03-14,"ALGERIA","CAMEROON",1,0,1,0,0
1984-03-28,"IRAQ","QATAR",1,1,0,0,0
1984-06-24,"DENMARK","SPAIN",1,0,1,1,0
1984-07-15,"SENEGAL","ANGOLA",1,0,1,0,0
1984-11-23,"KENYA","SOMALIA",1,1,0,0,0
1984-11-28,"GHANA","TOGO",1,1,0,0,0
1984-12-08,"KENYA","SOMALIA",1,1,0,0,0
1984-12-13,"SAUDI ARABIA","IRAN",1,1,0,0,0
1984-12-15,"MALAWI","ZAMBIA",1,0,1,0,0
1984-12-16,"IRAN","KUWAIT",1,0,1,0,0
1984-12-16,"CHAD","EQUATORIAL GUINEA",1,1,0,0,0
1984-12-19,"CENTRAL AFRICAN REPUBLIC","GABON",1,0,1,0,0
1984-12-20,"CONGO","CAMEROON",1,0,1,0,0
1985-04-16,"MOZAMBIQUE","MALAWI",1,1,0,0,0
1985-04-21,"MADAGASCAR","EGYPT",1,0,1,0,0
1985-07-10,"BAHRAIN","QATAR",1,1,0,0,0
1985-07-12,"SAUDI ARABIA","QATAR",1,1,0,0,0
1985-08-25,"MALI","GUINEA",1,0,1,0,0
1985-08-31,"MAURITIUS","RÉUNION",1,1,0,0,0
1985-09-15,"MOZAMBIQUE","LIBYA",1,1,0,0,0
1985-10-11,"KENYA","UGANDA",1,1,0,0,0
1985-12-15,"SINGAPORE","MALAYSIA",1,1,0,0,0
1985-12-25,"PAKISTAN","NEPAL",1,0,1,0,0
1985-12-25,"BANGLADESH","INDIA",1,0,1,0,0
1986-03-21,"EGYPT","CAMEROON",1,1,0,0,0
1986-06-21,"BRAZIL","FRANCE",1,0,1,1,0
1986-06-21,"MEXICO","GERMANY",1,0,1,0,1
1986-06-22,"SPAIN","BELGIUM",1,0,1,1,0
1986-10-01,"SAUDI ARABIA","IRAQ",1,1,0,0,0
1986-10-01,"SOUTH KOREA","IRAN",1,1,0,0,0
1986-10-01,"UNITED ARAB EMIRATES","INDONESIA",1,0,1,0,0
1986-10-01,"KUWAIT","CHINA PR",1,1,0,0,0
1986-10-03,"SAUDI ARABIA","KUWAIT",1,1,0,0,0
1986-10-19,"GABON","ANGOLA",1,0,1,0,0
1986-12-17,"CHAD","GABON",1,1,0,0,0
1987-03-01,"MALI","SIERRA LEONE",1,1,0,0,0
1987-03-02,"SENEGAL","SIERRA LEONE",1,1,0,0,0
1987-06-19,"AUSTRALIA","EGYPT",1,1,0,0,0
1987-06-21,"SOUTH KOREA","AUSTRALIA",1,1,0,0,0
1987-07-19,"DR CONGO","SENEGAL",1,1,0,0,0
1987-08-08,"IVORY COAST","MADAGASCAR",1,1,0,0,0
1987-08-09,"CAMEROON","EGYPT",1,0,1,0,0
1987-08-10,"KENYA","MALAWI",1,0,1,0,0
1987-12-13,"MALAWI","ZIMBABWE",1,0,1,0,0
1987-12-18,"EQUATORIAL GUINEA","GABON",1,0,1,0,0
1987-12-27,"ETHIOPIA","ZIMBABWE",1,1,0,0,0
1988-01-06,"SOUTH KOREA","EGYPT",1,1,0,0,0
1988-03-23,"ALGERIA","NIGERIA",1,0,1,0,0
1988-03-26,"MOROCCO","ALGERIA",1,0,1,0,0
1988-03-31,"GERMANY","SWEDEN",1,0,1,0,1
1988-05-05,"MALI","SENEGAL",1,1,0,0,0
1988-05-08,"GUINEA","MALI",1,1,0,0,0
1988-05-28,"CANADA","GREECE",1,1,0,0,0
1988-07-19,"EGYPT","SYRIA",1,0,1,0,0
1988-07-21,"IRAQ","SYRIA",1,1,0,0,0
1988-09-29,"CHILE","ECUADOR",1,0,1,0,0
1988-10-16,"ESWATINI","TANZANIA",1,1,0,0,0
1988-12-06,"CENTRAL AFRICAN REPUBLIC","GABON",1,0,1,0,0
1988-12-17,"CHINA PR","IRAN",1,0,1,0,0
1988-12-18,"SOUTH KOREA","SAUDI ARABIA",1,0,1,1,0
1989-04-23,"GHANA","GABON",1,0,1,0,0
1989-04-23,"KENYA","SUDAN",1,1,0,0,0
1989-08-30,"INDONESIA","THAILAND",1,1,0,0,0
1989-11-08,"IRAN","UGANDA",1,0,1,0,0
1989-11-12,"IRAQ","UGANDA",1,1,0,0,0
1989-12-11,"CHAD","CAMEROON",1,0,1,0,0
1989-12-16,"MALAWI","UGANDA",1,0,1,0,0
1990-01-28,"NIGERIA","SENEGAL",1,1,0,0,0
1990-02-04,"UNITED STATES","COLOMBIA",1,0,1,0,1
1990-02-20,"COLOMBIA","RUSSIA",1,1,0,1,0
1990-05-18,"ZIMBABWE","ESWATINI",1,1,0,0,0
1990-06-25,"REPUBLIC OF IRELAND","ROMANIA",1,1,0,0,1
1990-06-30,"YUGOSLAVIA","ARGENTINA",1,0,1,0,1
1990-07-03,"ITALY","ARGENTINA",1,0,1,1,0
1990-07-04,"GERMANY","ENGLAND",1,1,0,0,1
1990-08-03,"CHINA PR","SOUTH KOREA",1,0,1,0,0
1990-10-01,"SAUDI ARABIA","NORTH KOREA",1,0,1,0,0
1990-10-06,"IRAN","NORTH KOREA",1,1,0,0,0
1990-12-17,"TANZANIA","UGANDA",1,0,1,0,0
1990-12-17,"CENTRAL AFRICAN REPUBLIC","EQUATORIAL GUINEA",1,1,0,0,0
1991-01-21,"CAMEROON","ALGERIA",1,1,0,0,0
1991-01-21,"SENEGAL","IVORY COAST",1,0,1,0,0
1991-01-22,"SENEGAL","ALGERIA",1,1,0,0,0
1991-01-23,"IVORY COAST","CAMEROON",1,1,0,0,0
1991-06-14,"SOUTH KOREA","AUSTRALIA",1,1,0,0,0
1991-06-16,"ITALY","RUSSIA",1,1,0,0,1
1991-07-07,"UNITED STATES","HONDURAS",1,1,0,1,0
1991-08-08,"CZECHOSLOVAKIA","YUGOSLAVIA",1,1,0,0,0
1991-09-20,"FIJI","SOLOMON ISLANDS",1,1,0,0,0
1991-09-28,"EGYPT","MALI",1,1,0,0,0
1991-12-02,"INDONESIA","SINGAPORE",1,1,0,0,0
1991-12-04,"INDONESIA","THAILAND",1,1,0,0,0
1992-01-23,"CAMEROON","IVORY COAST",1,0,1,0,1
1992-01-26,"GHANA","IVORY COAST",1,0,1,0,1
1992-06-22,"NETHERLANDS","DENMARK",1,0,1,1,0
1992-06-27,"CUBA","MARTINIQUE",1,0,1,0,0
1992-08-29,"JAPAN","SOUTH KOREA",1,1,0,0,0
1992-09-15,"SYRIA","EGYPT",1,0,1,0,0
1992-11-08,"CHINA PR","UNITED ARAB EMIRATES",1,1,0,0,0
1992-11-25,"UGANDA","ZAMBIA",1,1,0,0,0
1993-01-23,"JAPAN","SWITZERLAND",1,0,1,0,0
1993-02-20,"FINLAND","ESTONIA",1,1,0,0,0
1993-02-24,"ARGENTINA","DENMARK",1,1,0,1,0
1993-05-27,"BOLIVIA","PARAGUAY",1,1,0,0,0
1993-05-28,"MARTINIQUE","SAINT KITTS AND NEVIS",1,1,0,0,0
1993-05-30,"JAMAICA","MARTINIQUE",1,0,1,0,0
1993-06-17,"SINGAPORE","MYANMAR",1,1,0,0,0
1993-06-26,"COLOMBIA","URUGUAY",1,1,0,1,0
1993-06-27,"BRAZIL","ARGENTINA",1,0,1,1,0
1993-07-01,"COLOMBIA","ARGENTINA",1,0,1,1,0
1993-08-15,"AUSTRALIA","CANADA",1,1,0,1,0
1993-10-24,"BURUNDI","GUINEA",1,0,1,0,0
1993-12-26,"NEPAL","INDIA",1,1,0,0,0
1994-01-29,"BURKINA FASO","GUINEA",1,1,0,0,0
1994-04-06,"NIGERIA","IVORY COAST",1,1,0,1,0
1994-07-05,"MEXICO","BULGARIA",1,0,1,1,0
1994-07-10,"ROMANIA","SWEDEN",1,0,1,0,1
1994-07-17,"BRAZIL","ITALY",1,1,0,0,1
1994-12-08,"TANZANIA","UGANDA",1,1,0,0,0
1995-01-10,"DENMARK","MEXICO",1,1,0,1,0
1995-01-13,"MEXICO","NIGERIA",1,1,0,0,1
1995-02-26,"JAPAN","SOUTH KOREA",1,1,0,0,0
1995-03-31,"INDIA","BANGLADESH",1,1,0,0,0
1995-05-21,"ANTIGUA AND BARBUDA","SAINT KITTS AND NEVIS",1,1,0,0,0
1995-06-09,"PARAGUAY","BOLIVIA",1,1,0,0,0
1995-07-16,"PARAGUAY","COLOMBIA",1,0,1,0,1
1995-07-17,"UNITED STATES","MEXICO",1,1,0,1,0
1995-07-17,"BRAZIL","ARGENTINA",1,1,0,1,0
1995-07-23,"URUGUAY","BRAZIL",1,1,0,1,0
1995-08-24,"FIJI","SOLOMON ISLANDS",1,0,1,0,0
1995-11-28,"MAURITANIA","SIERRA LEONE",1,0,1,0,0
1995-12-02,"GABON","CAMEROON",1,0,1,0,0
1995-12-02,"ALGERIA","IVORY COAST",1,0,1,0,0
1995-12-06,"ETHIOPIA","ZANZIBAR",1,0,1,0,0
1995-12-07,"HONDURAS","COSTA RICA",1,1,0,0,0
1995-12-25,"BANGLADESH","SRI LANKA",1,1,0,0,0
1995-12-27,"SRI LANKA","NEPAL",1,1,0,0,0
1996-01-28,"GABON","TUNISIA",1,0,1,0,1
1996-02-22,"JAPAN","SWEDEN",1,0,1,0,0
1996-04-28,"BARBADOS","JAMAICA",1,0,1,0,0
1996-05-05,"GUYANA","SURINAME",1,0,1,0,0
1996-06-05,"MARTINIQUE","SURINAME",1,1,0,0,0
1996-06-22,"ENGLAND","SPAIN",1,1,0,1,0
1996-06-22,"FRANCE","NETHERLANDS",1,1,0,0,1
1996-06-26,"FRANCE","CZECH REPUBLIC",1,0,1,1,0
1996-06-26,"ENGLAND","GERMANY",1,0,1,1,0
1996-08-25,"ETHIOPIA","UGANDA",1,1,0,0,0
1996-11-29,"SUDAN","KENYA",1,1,0,0,0
1996-12-11,"MOROCCO","CROATIA",1,0,1,0,0
1996-12-12,"CROATIA","CZECH REPUBLIC",1,1,0,0,0
1996-12-19,"IRAN","SAUDI ARABIA",1,0,1,1,0
1996-12-21,"IRAN","KUWAIT",1,1,0,0,1
1996-12-21,"UNITED ARAB EMIRATES","SAUDI ARABIA",1,0,1,0,1
1996-12-27,"BENIN","BURKINA FASO",1,1,0,0,0
1997-02-07,"RUSSIA","SERBIA",1,1,0,0,0
1997-04-10,"INDIA","IRAQ",1,0,1,0,0
1997-06-22,"ECUADOR","MEXICO",1,0,1,1,0
1997-07-10,"TRINIDAD AND TOBAGO","JAMAICA",1,1,0,0,0
1997-10-18,"INDONESIA","THAILAND",1,0,1,0,0
1997-10-20,"HAITI","CUBA",1,1,0,0,0
1997-10-22,"CUBA","CAMEROON",1,1,0,0,0
1997-12-07,"GAMBIA","GUINEA",1,0,1,0,0
1998-01-31,"EGYPT","SOUTH KOREA",1,0,1,0,0
1998-01-31,"IRAN","CHILE",1,1,0,0,0
1998-02-21,"BURKINA FASO","TUNISIA",1,1,0,1,0
1998-02-21,"IVORY COAST","EGYPT",1,0,1,1,0
1998-02-27,"BURKINA FASO","DR CONGO",1,0,1,0,1
1998-04-22,"HUNGARY","NORTH MACEDONIA",1,1,0,0,0
1998-05-29,"BELGIUM","ENGLAND",1,1,0,1,0
1998-05-29,"MOROCCO","FRANCE",1,1,0,1,0
1998-06-30,"ARGENTINA","ENGLAND",1,1,0,1,0
1998-07-03,"FRANCE","ITALY",1,1,0,1,0
1998-07-07,"BRAZIL","NETHERLANDS",1,1,0,1,0
1998-08-15,"RÉUNION","MADAGASCAR",1,1,0,0,0
1998-09-05,"INDONESIA","THAILAND",1,1,0,0,0
1998-11-17,"GUATEMALA","HONDURAS",1,1,0,0,0
1998-11-18,"GUATEMALA","MEXICO",1,1,0,0,0
1998-12-02,"UNITED ARAB EMIRATES","NORTH KOREA",1,1,0,0,0
1998-12-14,"QATAR","KUWAIT",1,0,1,0,0
1999-05-22,"MALAWI","NAMIBIA",1,0,1,0,0
1999-06-16,"THAILAND","NEW ZEALAND",1,1,0,0,0
1999-06-19,"NEW ZEALAND","POLAND",1,0,1,0,0
1999-07-10,"MEXICO","PERU",1,1,0,1,0
1999-07-10,"PARAGUAY","URUGUAY",1,0,1,0,1
1999-07-13,"URUGUAY","CHILE",1,1,0,1,0
1999-07-18,"ESWATINI","ZIMBABWE",1,1,0,0,0
1999-07-31,"NAMIBIA","SOUTH AFRICA",1,1,0,0,0
1999-08-03,"RWANDA","KENYA",1,0,1,0,0
1999-08-07,"RWANDA","BURUNDI",1,1,0,0,0
1999-08-07,"ZAMBIA","MOZAMBIQUE",1,1,0,0,0
1999-08-14,"INDONESIA","SINGAPORE",1,1,0,0,0
1999-08-28,"NAMIBIA","ESWATINI",1,1,0,0,0
1999-11-26,"GABON","TOGO",1,0,1,0,0
2000-02-04,"ROMANIA","GEORGIA",1,1,0,0,0
2000-02-12,"SOUTH AFRICA","TUNISIA",1,1,0,1,0
2000-02-13,"NIGERIA","CAMEROON",1,0,1,1,0
2000-02-19,"UNITED STATES","COLOMBIA",1,0,1,1,0
2000-03-19,"SURINAME","SAINT LUCIA",1,1,0,0,0
2000-04-29,"BRITISH VIRGIN ISLANDS","SINT MAARTEN",1,1,0,0,0
2000-04-30,"BRITISH VIRGIN ISLANDS","ANTIGUA AND BARBUDA",1,0,1,0,0
2000-05-10,"MALDIVES","SRI LANKA",1,0,1,0,0
2000-05-11,"SENEGAL","MALI",1,1,0,0,0
2000-05-20,"MALAWI","ANGOLA",1,0,1,0,0
2000-05-21,"BARBADOS","CUBA",1,1,0,0,0
2000-06-04,"FRANCE","JAPAN",1,1,0,1,0
2000-06-07,"IRAN","EGYPT",1,0,1,0,0
2000-06-11,"LESOTHO","ZAMBIA",1,1,0,0,0
2000-06-29,"NETHERLANDS","ITALY",1,0,1,0,1
2000-07-14,"LIBYA","CHAD",1,1,0,0,0
2000-07-16,"MOZAMBIQUE","LESOTHO",1,0,1,0,0
2000-09-03,"TOGO","SIERRA LEONE",1,1,0,0,0
2000-10-04,"UNITED ARAB EMIRATES","SOUTH KOREA",1,1,0,0,0
2000-10-28,"KENYA","UGANDA",1,0,1,0,0
2000-12-02,"ETHIOPIA","RWANDA",1,1,0,0,0
2001-01-17,"CHINA PR","EGYPT",1,0,1,0,0
2001-01-27,"SOUTH KOREA","PARAGUAY",1,1,0,0,0
2001-02-11,"ESWATINI","ZAMBIA",1,1,0,0,0
2001-07-12,"YNYS MÔN","JERSEY",1,1,0,0,0
2001-07-13,"GUERNSEY","YNYS MÔN",1,1,0,0,0
2001-07-29,"URUGUAY","HONDURAS",1,0,1,1,0
2001-08-03,"CHINA PR","NORTH KOREA",1,0,1,0,0
2001-08-03,"KUWAIT","TRINIDAD AND TOBAGO",1,1,0,0,0
2001-08-05,"KUWAIT","NORTH KOREA",1,0,1,0,0
2001-08-18,"ZAMBIA","ANGOLA",1,0,1,0,0
2001-10-24,"KENYA","UGANDA",1,1,0,0,0
2001-10-24,"TANZANIA","DR CONGO",1,1,0,0,0
2001-12-18,"ETHIOPIA","BURUNDI",1,1,0,0,0
2002-01-06,"MARTINIQUE","HAITI",1,1,0,0,0
2002-01-26,"CANADA","MARTINIQUE",1,1,0,1,0
2002-01-27,"MEXICO","SOUTH KOREA",1,0,1,0,1
2002-01-30,"UNITED STATES","CANADA",1,1,0,1,0
2002-02-10,"SENEGAL","CAMEROON",1,0,1,0,1
2002-02-12,"CYPRUS","SWITZERLAND",1,1,0,0,0
2002-02-15,"CHINA PR","SLOVENIA",1,0,1,0,0
2002-02-16,"THAILAND","NORTH KOREA",1,0,1,0,0
2002-03-30,"BOTSWANA","SOUTH AFRICA",1,0,1,0,0
2002-05-17,"RUSSIA","BELARUS",1,0,1,0,0
2002-05-19,"RUSSIA","SERBIA",1,0,1,0,0
2002-06-16,"SPAIN","REPUBLIC OF IRELAND",1,1,0,0,1
2002-06-22,"SOUTH KOREA","SPAIN",1,1,0,1,0
2002-07-21,"SOUTH AFRICA","MADAGASCAR",1,1,0,0,0
2002-09-05,"IRAQ","IRAN",1,1,0,0,0
2002-09-07,"SYRIA","IRAN",1,0,1,0,0
2002-09-17,"IRAN","MOROCCO",1,1,0,0,0
2002-09-19,"IRAN","PARAGUAY",1,1,0,0,0
2002-10-23,"KENYA","SOUTH AFRICA",1,1,0,0,0
2002-10-26,"TANZANIA","SOUTH AFRICA",1,0,1,0,0
2002-10-26,"KENYA","UGANDA",1,1,0,0,0
2002-11-19,"SOUTH AFRICA","SENEGAL",1,0,1,0,0
2002-12-27,"NIGER","BURKINA FASO",1,0,1,0,0
2002-12-29,"NIGER","MALI",1,1,0,0,0
2003-01-20,"BANGLADESH","MALDIVES",1,1,0,0,0
2003-02-04,"URUGUAY","IRAN",1,1,0,0,1
2003-03-07,"BENIN","NIGER",1,1,0,0,0
2003-03-15,"GUADELOUPE","FRENCH GUIANA",1,1,0,0,0
2003-03-22,"MOZAMBIQUE","LESOTHO",1,1,0,0,0
2003-03-27,"TUNISIA","GHANA",1,1,0,0,0
2003-03-30,"GHANA","MADAGASCAR",1,1,0,0,0
2003-05-24,"BOTSWANA","MALAWI",1,0,1,0,0
2003-07-09,"NEW CALEDONIA","VANUATU",1,1,0,0,0
2003-08-16,"MALAWI","ZAMBIA",1,1,0,0,0
2003-09-24,"ALGERIA","GABON",1,1,0,0,0
2003-09-26,"ALGERIA","BURKINA FASO",1,1,0,0,0
2003-12-08,"KENYA","RWANDA",1,0,1,0,0
2003-12-08,"SUDAN","UGANDA",1,0,1,0,0
2004-02-11,"TUNISIA","NIGERIA",1,1,0,1,0
2004-02-19,"KAZAKHSTAN","ARMENIA",1,1,0,0,0
2004-02-28,"LESOTHO","BOTSWANA",1,0,1,0,0
2004-06-23,"JORDAN","SYRIA",1,0,1,0,0
2004-06-24,"PORTUGAL","ENGLAND",1,1,0,0,1
2004-06-26,"SWEDEN","NETHERLANDS",1,0,1,1,0
2004-07-18,"ANGOLA","BOTSWANA",1,1,0,0,0
2004-07-21,"URUGUAY","BRAZIL",1,0,1,0,1
2004-07-25,"ARGENTINA","BRAZIL",1,0,1,1,0
2004-07-30,"UZBEKISTAN","BAHRAIN",1,0,1,0,1
2004-07-31,"JAPAN","JORDAN",1,1,0,1,0
2004-08-03,"CHINA PR","IRAN",1,1,0,1,0
2004-10-22,"NIGERIA","ECUADOR",1,0,1,0,0
2004-10-24,"ZIMBABWE","ZAMBIA",1,0,1,0,0
2004-11-20,"ZAMBIA","ANGOLA",1,0,1,0,0
2004-11-30,"THAILAND","ESTONIA",1,1,0,0,0
2004-11-30,"SINGAPORE","HONG KONG",1,0,1,0,0
2004-12-02,"THAILAND","SLOVAKIA",1,0,1,0,0
2004-12-03,"BAHRAIN","LATVIA",1,1,0,0,0
2004-12-03,"FINLAND","OMAN",1,0,1,0,0
2004-12-22,"ETHIOPIA","KENYA",1,1,0,0,0
2004-12-24,"QATAR","OMAN",1,1,0,0,0
2005-02-08,"CYPRUS","AUSTRIA",1,1,0,0,0
2005-02-09,"AUSTRIA","LATVIA",1,0,1,0,0
2005-02-27,"COSTA RICA","HONDURAS",1,1,0,0,0
2005-04-16,"NAMIBIA","BOTSWANA",1,0,1,0,0
2005-05-15,"JERSEY","GUERNSEY",1,0,1,0,0
2005-06-26,"MEXICO","ARGENTINA",1,0,1,1,0
2005-07-17,"SOUTH AFRICA","PANAMA",1,0,1,0,1
2005-07-24,"UNITED STATES","PANAMA",1,1,0,0,1
2005-07-28,"KUWAIT","UNITED ARAB EMIRATES",1,0,1,0,0
2005-07-30,"EGYPT","UNITED ARAB EMIRATES",1,1,0,0,0
2005-08-13,"SOUTH AFRICA","ZAMBIA",1,0,1,0,0
2005-08-15,"UKRAINE","ISRAEL",1,0,1,0,0
2005-11-16,"AUSTRALIA","URUGUAY",1,1,0,1,0
2005-12-10,"SYRIA","IRAQ",1,0,1,0,0
2005-12-10,"ZANZIBAR","UGANDA",1,1,0,0,0
2006-02-04,"NIGERIA","TUNISIA",1,1,0,1,0
2006-02-04,"CAMEROON","IVORY COAST",1,0,1,1,0
2006-02-10,"EGYPT","IVORY COAST",1,1,0,1,0
2006-02-28,"FINLAND","KAZAKHSTAN",1,0,1,0,0
2006-03-01,"FINLAND","BELARUS",1,1,0,0,0
2006-04-29,"LESOTHO","MOZAMBIQUE",1,1,0,0,0
2006-04-30,"MAURITIUS","MOZAMBIQUE",1,0,1,0,0
2006-05-21,"BOTSWANA","SOUTH AFRICA",1,1,0,0,0
2006-06-03,"NORTHERN CYPRUS","ZANZIBAR",1,1,0,0,0
2006-06-26,"SWITZERLAND","UKRAINE",1,0,1,0,1
2006-06-30,"GERMANY","ARGENTINA",1,1,0,1,0
2006-07-01,"ENGLAND","PORTUGAL",1,0,1,0,1
2006-07-09,"ITALY","FRANCE",1,1,0,1,0
2006-07-22,"NAMIBIA","SEYCHELLES",1,0,1,0,0
2007-04-29,"MOZAMBIQUE","ZIMBABWE",1,1,0,0,0
2007-05-06,"GUERNSEY","JERSEY",1,0,1,0,0
2007-05-26,"MALAWI","SOUTH AFRICA",1,0,1,0,0
2007-05-26,"ESWATINI","MAURITIUS",1,0,1,0,0
2007-07-10,"URUGUAY","BRAZIL",1,0,1,0,1
2007-07-21,"JAPAN","AUSTRALIA",1,1,0,0,1
2007-07-22,"IRAN","SOUTH KOREA",1,0,1,0,1
2007-07-25,"IRAQ","SOUTH KOREA",1,1,0,0,1
2007-07-28,"SOUTH KOREA","JAPAN",1,1,0,1,0
2007-07-29,"BOTSWANA","ANGOLA",1,1,0,0,0
2007-08-18,"MAURITIUS","MAYOTTE",1,0,1,0,0
2007-08-18,"MADAGASCAR","RÉUNION",1,0,1,0,0
2007-10-24,"SOUTH AFRICA","ZAMBIA",1,1,0,0,0
2008-05-05,"JERSEY","GUERNSEY",1,1,0,0,0
2008-06-20,"CROATIA","TURKEY",1,0,1,1,0
2008-06-22,"SPAIN","ITALY",1,1,0,1,0
2008-07-27,"ZAMBIA","ZIMBABWE",1,1,0,0,0
2008-09-30,"NEW CALEDONIA","MARTINIQUE",1,0,1,0,0
2009-06-26,"PROVENCE","SÁPMI",1,0,1,0,0
2009-07-23,"COSTA RICA","MEXICO",1,0,1,0,1
2009-10-28,"ZIMBABWE","SOUTH AFRICA",1,1,0,0,0
2010-01-25,"ZAMBIA","NIGERIA",1,0,1,1,0
2010-05-21,"CORSICA","GABON",1,1,0,0,0
2010-06-29,"PARAGUAY","JAPAN",1,1,0,1,0
2010-07-02,"URUGUAY","GHANA",1,1,0,1,0
2010-09-22,"FRENCH GUIANA","MAYOTTE",1,0,1,0,0
2010-09-23,"GUADELOUPE","NEW CALEDONIA",1,0,1,0,0
2010-09-26,"GUADELOUPE","TAHITI",1,0,1,0,0
2010-09-29,"NEW CALEDONIA","TAHITI",1,0,1,0,0
2010-10-02,"RÉUNION","MARTINIQUE",1,0,1,0,0
2011-01-25,"JAPAN","SOUTH KOREA",1,1,0,1,0
2011-02-08,"ROMANIA","UKRAINE",1,0,1,0,0
2011-02-09,"SWEDEN","UKRAINE",1,0,1,0,0
2011-05-08,"GUERNSEY","JERSEY",1,0,1,0,0
2011-06-08,"URUGUAY","NETHERLANDS",1,1,0,0,1
2011-06-18,"COSTA RICA","HONDURAS",1,0,1,1,0
2011-06-19,"PANAMA","EL SALVADOR",1,1,0,1,0
2011-06-29,"SAARE COUNTY","ÅLAND ISLANDS",1,0,1,0,0
2011-06-30,"ISLE OF MAN","MENORCA",1,0,1,0,0
2011-07-12,"SAINT LUCIA","ARUBA",1,1,0,0,0
2011-07-16,"ARGENTINA","URUGUAY",1,0,1,1,0
2011-07-17,"BRAZIL","PARAGUAY",1,0,1,1,0
2011-07-20,"PARAGUAY","VENEZUELA",1,1,0,1,0
2011-08-11,"MAYOTTE","MAURITIUS",1,0,1,0,0
2011-08-13,"SEYCHELLES","MAURITIUS",1,1,0,0,0
2012-02-05,"GABON","MALI",1,0,1,1,0
2012-02-12,"ZAMBIA","IVORY COAST",1,1,0,0,1
2012-06-03,"FINLAND","LATVIA",1,0,1,1,0
2012-06-17,"MOZAMBIQUE","TANZANIA",1,1,0,0,0
2012-06-24,"ENGLAND","ITALY",1,0,1,0,1
2012-06-27,"PORTUGAL","SPAIN",1,0,1,0,1
2012-08-25,"ALDERNEY","SEALAND",1,0,1,0,0
2012-09-02,"INDIA","CAMEROON",1,1,0,0,0
2012-09-29,"RÉUNION","MARTINIQUE",1,1,0,0,0
2012-10-13,"UGANDA","ZAMBIA",1,0,1,0,0
2012-11-21,"ARGENTINA","BRAZIL",1,0,1,1,0
2013-01-23,"SWEDEN","NORTH KOREA",1,1,0,0,0
2013-02-02,"SOUTH AFRICA","MALI",1,0,1,1,0
2013-02-06,"BURKINA FASO","GHANA",1,1,0,0,1
2013-06-27,"SPAIN","ITALY",1,1,0,0,1
2013-06-30,"URUGUAY","ITALY",1,0,1,1,0
2013-07-13,"ZIMBABWE","MALAWI",1,1,0,0,0
2013-07-14,"ANGOLA","LESOTHO",1,0,1,0,0
2013-07-17,"ZAMBIA","SOUTH AFRICA",1,1,0,0,0
2014-05-05,"SEALAND","CHAGOS ISLANDS",1,0,1,0,0
2014-05-29,"LATVIA","ESTONIA",1,1,0,0,1
2014-06-04,"ABKHAZIA","SOUTH OSSETIA",1,0,1,0,0
2014-06-04,"ELLAN VANNIN","IRAQI KURDISTAN",1,1,0,0,0
2014-06-05,"PADANIA","ABKHAZIA",1,1,0,0,0
2014-06-05,"OCCITANIA","IRAQI KURDISTAN",1,0,1,0,0
2014-06-07,"PADANIA","IRAQI KURDISTAN",1,1,0,0,0
2014-06-08,"COUNTY OF NICE","ELLAN VANNIN",1,1,0,0,0
2014-06-28,"BRAZIL","CHILE",1,1,0,1,0
2014-06-29,"COSTA RICA","GREECE",1,1,0,1,0
2014-07-05,"NETHERLANDS","COSTA RICA",1,1,0,0,1
2014-07-09,"NETHERLANDS","ARGENTINA",1,0,1,1,0
2015-01-23,"IRAN","IRAQ",1,0,1,1,0
2015-01-23,"JAPAN","UNITED ARAB EMIRATES",1,0,1,1,0
2015-01-30,"CURAÇAO","ARUBA",1,0,1,0,0
2015-02-07,"EQUATORIAL GUINEA","DR CONGO",1,0,1,1,0
2015-02-08,"IVORY COAST","GHANA",1,1,0,0,1
2015-05-24,"ZAMBIA","NAMIBIA",1,0,1,0,0
2015-05-24,"SOUTH AFRICA","BOTSWANA",1,0,1,0,0
2015-05-25,"MOZAMBIQUE","MALAWI",1,1,0,0,0
2015-05-27,"SOUTH AFRICA","MALAWI",1,0,1,0,0
2015-06-21,"ELLAN VANNIN","FELVIDÉK",1,1,0,0,0
2015-06-26,"ARGENTINA","COLOMBIA",1,1,0,0,1
2015-06-27,"BRAZIL","PARAGUAY",1,0,1,1,0
2015-07-02,"GIBRALTAR","ÅLAND ISLANDS",1,0,1,0,0
2015-07-04,"CHILE","ARGENTINA",1,1,0,1,0
2015-07-19,"TRINIDAD AND TOBAGO","PANAMA",1,0,1,0,1
2015-07-25,"UNITED STATES","PANAMA",1,0,1,1,0
2015-10-13,"EL SALVADOR","GUATEMALA",1,0,1,0,0
2016-05-27,"CORSICA","BASQUE COUNTRY",1,0,1,0,0
2016-06-01,"UNITED KOREANS IN JAPAN","NORTHERN CYPRUS",1,0,1,0,0
2016-06-02,"IRAQI KURDISTAN","PADANIA",1,0,1,0,0
2016-06-03,"BOSNIA AND HERZEGOVINA","DENMARK",1,1,0,0,0
2016-06-03,"THAILAND","SYRIA",1,1,0,0,0
2016-06-03,"VIETNAM","HONG KONG",1,1,0,0,0
2016-06-03,"IRAQI KURDISTAN","WESTERN ARMENIA",1,0,1,0,0
2016-06-03,"CHAGOS ISLANDS","RAETIA",1,0,1,0,0
2016-06-04,"UNITED KOREANS IN JAPAN","IRAQI KURDISTAN",1,1,0,1,0
2016-06-05,"ABKHAZIA","PANJAB",1,1,0,0,0
2016-06-11,"PAPUA NEW GUINEA","NEW ZEALAND",1,0,1,0,1
2016-06-17,"PERU","COLOMBIA",1,0,1,0,1
2016-06-18,"NAMIBIA","BOTSWANA",1,0,1,0,0
2016-06-18,"SOUTH AFRICA","LESOTHO",1,1,0,0,0
2016-06-19,"ZAMBIA","ESWATINI",1,0,1,0,0
2016-06-22,"BOTSWANA","DR CONGO",1,1,0,0,0
2016-06-25,"SWITZERLAND","POLAND",1,0,1,1,0
2016-06-26,"ARGENTINA","CHILE",1,0,1,0,1
2016-06-30,"POLAND","PORTUGAL",1,0,1,0,1
2016-07-02,"GERMANY","ITALY",1,1,0,0,1
2016-08-01,"FELVIDÉK","KÁRPÁTALJA",1,1,0,0,0
2017-01-11,"CHILE","CROATIA",1,1,0,0,0
2017-01-14,"CHINA PR","CROATIA",1,1,0,0,0
2017-01-28,"SENEGAL","CAMEROON",1,0,1,1,0
2017-02-01,"BURKINA FASO","EGYPT",1,0,1,0,1
2017-06-09,"KÁRPÁTALJA","ELLAN VANNIN",1,1,0,0,0
2017-06-09,"PADANIA","ABKHAZIA",1,1,0,0,0
2017-06-10,"NORTHERN CYPRUS","PADANIA",1,0,1,0,0
2017-06-28,"PORTUGAL","CHILE",1,0,1,0,1
2017-06-29,"HITRA","WESTERN ISLES",1,0,1,0,0
2017-06-29,"GREENLAND","MENORCA",1,1,0,0,0
2017-07-01,"NAMIBIA","LESOTHO",1,0,1,0,0
2017-07-07,"TANZANIA","LESOTHO",1,1,0,0,0
2017-07-16,"THAILAND","BELARUS",1,1,0,0,0
2018-03-21,"SOUTH AFRICA","ANGOLA",1,1,0,0,0
2018-03-21,"ZAMBIA","ZIMBABWE",1,1,0,0,0
2018-03-22,"THAILAND","GABON",1,1,0,0,0
2018-03-24,"ANGOLA","ZIMBABWE",1,1,0,0,0
2018-06-02,"ZAMBIA","NAMIBIA",1,1,0,0,0
2018-06-03,"ANDORRA","CAPE VERDE",1,0,1,0,0
2018-06-03,"SOUTH AFRICA","MADAGASCAR",1,0,1,0,0
2018-06-03,"ZIMBABWE","BOTSWANA",1,1,0,0,0
2018-06-05,"MATABELELAND","KABYLIA",1,0,1,0,0
2018-06-06,"LESOTHO","ZIMBABWE",1,0,1,0,0
2018-06-09,"TIBET","UNITED KOREANS IN JAPAN",1,0,1,0,0
2018-06-09,"PANJAB","CASCADIA",1,1,0,0,0
2018-06-09,"PADANIA","SZÉKELY LAND",1,1,0,0,0
2018-06-09,"NORTHERN CYPRUS","KÁRPÁTALJA",1,0,1,0,0
2018-07-01,"RUSSIA","SPAIN",1,1,0,0,1
2018-07-01,"CROATIA","DENMARK",1,1,0,0,1
2018-07-03,"COLOMBIA","ENGLAND",1,0,1,1,0
2018-07-07,"RUSSIA","CROATIA",1,0,1,1,0
2019-01-20,"JORDAN","VIETNAM",1,0,1,0,1
2019-01-21,"AUSTRALIA","UZBEKISTAN",1,1,0,1,0
2019-03-23,"OMAN","SINGAPORE",1,1,0,0,0
2019-05-11,"GUERNSEY","JERSEY",1,0,1,0,0
2019-06-01,"LESOTHO","UGANDA",1,1,0,0,0
2019-06-02,"SOUTH AFRICA","BOTSWANA",1,0,1,0,0
2019-06-02,"ZAMBIA","MALAWI",1,1,0,0,0
2019-06-04,"SOUTH AFRICA","UGANDA",1,1,0,0,0
2019-06-05,"ZIMBABWE","ZAMBIA",1,0,1,0,0
2019-06-06,"ABKHAZIA","WESTERN ARMENIA",1,0,1,0,0
2019-06-06,"SOUTH OSSETIA","CHAMERIA",1,1,0,0,0
2019-06-07,"LESOTHO","ZIMBABWE",1,0,1,0,0
2019-06-07,"SOUTH AFRICA","MALAWI",1,1,0,0,0
2019-06-08,"ABKHAZIA","CHAMERIA",1,1,0,0,0
2019-06-09,"SWITZERLAND","ENGLAND",1,0,1,0,1
2019-06-27,"BRAZIL","PARAGUAY",1,1,0,0,1
2019-06-28,"COLOMBIA","CHILE",1,0,1,1,0
2019-06-29,"MEXICO","COSTA RICA",1,1,0,1,0
2019-06-29,"URUGUAY","PERU",1,0,1,1,0
2019-07-05,"MOROCCO","BENIN",1,0,1,0,1
2019-07-07,"MADAGASCAR","DR CONGO",1,1,0,1,0
2019-07-08,"GHANA","TUNISIA",1,0,1,1,0
2019-07-11,"IVORY COAST","ALGERIA",1,0,1,0,1
2019-07-28,"MAURITIUS","RÉUNION",1,0,1,0,0
2019-09-08,"TANZANIA","BURUNDI",1,1,0,1,0
2019-10-13,"CHAD","LIBERIA",1,1,0,0,0
2019-10-13,"GAMBIA","DJIBOUTI",1,1,0,0,0
2020-10-08,"BOSNIA AND HERZEGOVINA","NORTHERN IRELAND",1,0,1,1,0
2020-10-08,"SLOVAKIA","REPUBLIC OF IRELAND",1,1,0,1,0
2020-10-08,"SCOTLAND","ISRAEL",1,1,0,1,0
2020-11-12,"SERBIA","SCOTLAND",1,0,1,0,1
2021-06-03,"MEXICO","COSTA RICA",1,1,0,1,0
2021-06-06,"HONDURAS","COSTA RICA",1,1,0,0,1
2021-06-28,"FRANCE","SWITZERLAND",1,0,1,0,1
2021-07-02,"PERU","PARAGUAY",1,1,0,0,1
2021-07-02,"SWITZERLAND","SPAIN",1,0,1,0,1
2021-07-03,"URUGUAY","COLOMBIA",1,0,1,0,1
2021-07-06,"ITALY","SPAIN",1,1,0,1,0
2021-07-06,"TRINIDAD AND TOBAGO","FRENCH GUIANA",1,1,0,0,1
2021-07-06,"ARGENTINA","COLOMBIA",1,1,0,0,1
2021-07-06,"GUATEMALA","GUADELOUPE",1,0,1,1,0
2021-07-11,"ENGLAND","ITALY",1,0,1,0,1
2021-07-16,"SENEGAL","ESWATINI",1,1,0,0,1
2021-07-18,"ESWATINI","MOZAMBIQUE",1,1,0,0,1
2021-07-18,"SOUTH AFRICA","SENEGAL",1,1,0,1,0
2021-11-19,"SRI LANKA","SEYCHELLES",1,0,1,0,0
2021-12-11,"MOROCCO","ALGERIA",1,0,1,0,1
2021-12-18,"QATAR","EGYPT",1,1,0,1,0
2022-01-23,"BURKINA FASO","GABON",1,1,0,0,1
2022-01-26,"IVORY COAST","EGYPT",1,0,1,1,0
2022-01-26,"MALI","EQUATORIAL GUINEA",1,0,1,0,1
2022-02-03,"CAMEROON","EGYPT",1,0,1,1,0
2022-02-05,"CAMEROON","BURKINA FASO",1,1,0,1,0
2022-02-06,"SENEGAL","EGYPT",1,1,0,1,0
2022-03-25,"TAJIKISTAN","UGANDA",1,0,1,0,0
2022-03-29,"KAZAKHSTAN","MOLDOVA",1,1,0,0,1
2022-03-29,"SENEGAL","EGYPT",1,1,0,1,0
2022-06-13,"AUSTRALIA","PERU",1,1,0,1,0
2022-06-14,"CHILE","GHANA",1,0,1,1,0
2022-07-12,"ZAMBIA","BOTSWANA",1,1,0,0,0
2022-07-13,"SOUTH AFRICA","MOZAMBIQUE",1,0,1,0,0
2022-07-13,"SENEGAL","ESWATINI",1,1,0,0,0
2022-07-17,"MOZAMBIQUE","SENEGAL",1,0,1,0,0
2022-09-22,"THAILAND","MALAYSIA",1,0,1,0,0
2022-09-23,"IRAQ","OMAN",1,0,1,0,0
2022-09-25,"MALAYSIA","TAJIKISTAN",1,0,1,0,0
2022-11-16,"LITHUANIA","ICELAND",1,0,1,1,0
2022-11-16,"LATVIA","ESTONIA",1,1,0,1,0
2022-11-19,"LATVIA","ICELAND",1,0,1,0,1
2022-12-05,"JAPAN","CROATIA",1,0,1,1,0
2022-12-06,"MOROCCO","SPAIN",1,1,0,1,0
2022-12-09,"CROATIA","BRAZIL",1,1,0,1,0
2022-12-09,"NETHERLANDS","ARGENTINA",1,0,1,1,0
2022-12-18,"ARGENTINA","FRANCE",1,1,0,0,1
2023-06-16,"CURAÇAO","SAINT KITTS AND NEVIS",1,0,1,0,1
2023-06-17,"GUYANA","GRENADA",1,1,0,1,0
2023-06-17,"SURINAME","PUERTO RICO",1,0,1,1,0
2023-06-18,"CROATIA","SPAIN",1,0,1,1,0
2023-06-20,"SAINT KITTS AND NEVIS","FRENCH GUIANA",1,1,0,0,1
2023-07-01,"INDIA","LEBANON",1,1,0,1,0
2023-07-04,"INDIA","KUWAIT",1,1,0,1,0
2023-07-09,"UNITED STATES","CANADA",1,1,0,0,1
2023-07-09,"ORKNEY","GREENLAND",1,0,1,0,0
2023-07-12,"UNITED STATES","PANAMA",1,0,1,1,0
2023-07-13,"ÅLAND ISLANDS","FALKLAND ISLANDS",1,1,0,1,0
2023-07-14,"MALAWI","LESOTHO",1,0,1,0,0
2023-07-16,"SOUTH AFRICA","MALAWI",1,1,0,0,0
2023-09-07,"IRAQ","INDIA",1,1,0,0,1
2023-09-10,"THAILAND","IRAQ",1,0,1,1,0
2023-10-13,"IRAQ","QATAR",1,0,1,0,1
2023-11-21,"MEXICO","HONDURAS",1,1,0,1,0
2023-12-02,"SOLOMON ISLANDS","NEW CALEDONIA",1,0,1,0,0
2024-01-28,"EGYPT","DR CONGO",1,0,1,1,0
2024-01-28,"TAJIKISTAN","UNITED ARAB EMIRATES",1,1,0,1,0
2024-01-29,"IVORY COAST","SENEGAL",1,1,0,0,1
2024-01-30,"SAUDI ARABIA","SOUTH KOREA",1,0,1,1,0
2024-01-31,"IRAN","SYRIA",1,1,0,1,0
2024-02-03,"CAPE VERDE","SOUTH AFRICA",1,0,1,1,0
2024-02-03,"QATAR","UZBEKISTAN",1,1,0,0,1
2024-02-07,"NIGERIA","SOUTH AFRICA",1,1,0,1,0
2024-03-23,"TUNISIA","CROATIA",1,0,1,0,1
2024-03-26,"NEW ZEALAND","TUNISIA",1,0,1,1,0
2024-03-26,"WALES","POLAND",1,0,1,0,1
2024-03-26,"GEORGIA","GREECE",1,1,0,1,0
2024-03-26,"TURKS AND CAICOS ISLANDS","ANGUILLA",1,0,1,1,0
2024-03-26,"BRITISH VIRGIN ISLANDS","UNITED STATES VIRGIN ISLANDS",1,1,0,1,0
2024-06-11,"LITHUANIA","ESTONIA",1,0,1,1,0
2024-07-01,"PORTUGAL","SLOVENIA",1,1,0,0,1
2024-07-04,"ARGENTINA","ECUADOR",1,1,0,1,0
2024-07-05,"PORTUGAL","FRANCE",1,0,1,0,1
2024-07-05,"VENEZUELA","CANADA",1,0,1,1,0
2024-07-06,"ENGLAND","SWITZERLAND",1,1,0,1,0
2024-07-06,"URUGUAY","BRAZIL",1,1,0,1,0
2024-07-13,"CANADA","URUGUAY",1,0,1,1,0
2024-09-08,"TAJIKISTAN","PHILIPPINES",1,1,0,0,0
2024-09-10,"CAMBODIA","SRI LANKA",1,0,1,1,0
2025-06-08,"PORTUGAL","SPAIN",1,1,0,1,0
2025-06-28,"PANAMA","HONDURAS",1,0,1,1,0
2025-06-29,"CANADA","GUATEMALA",1,0,1,1,0
2025-06-29,"UNITED STATES","COSTA RICA",1,1,0,0,1
2025-07-13,"GOZO","SHETLAND",1,1,0,1,0
2025-07-17,"GOZO","WESTERN ISLES",1,1,0,0,0
2025-08-13,"UNITED STATES VIRGIN ISLANDS","TURKS AND CAICOS ISLANDS",1,1,0,0,0
2025-11-13,"IRAN","CAPE VERDE",1,1,0,0,0
2025-11-16,"NIGERIA","DR CONGO",1,0,1,1,0
2025-11-17,"CAPE VERDE","EGYPT",1,0,1,0,0
2025-11-18,"IRAN","UZBEKISTAN",1,0,1,0,0
2025-11-23,"PAPUA NEW GUINEA","VANUATU",1,0,1,0,0
2025-11-25,"PALESTINE","LIBYA",1,1,0,0,0
2025-11-26,"OMAN","SOMALIA",1,1,0,0,0
2025-11-26,"COMOROS","YEMEN",1,1,0,0,0
2025-12-12,"ALGERIA","UNITED ARAB EMIRATES",1,0,1,0,0
2026-01-03,"MALI","TUNISIA",1,1,0,0,1
2026-01-14,"MOROCCO","NIGERIA",1,1,0,1,0
2026-01-17,"EGYPT","NIGERIA",1,0,1,0,1
2026-03-26,"WALES","BOSNIA AND HERZEGOVINA",1,0,1,0,1
2026-03-26,"CZECH REPUBLIC","REPUBLIC OF IRELAND",1,1,0,0,1
2026-03-27,"KENYA","ESTONIA",1,0,1,0,1
2026-03-28,"NAMIBIA","COMOROS",1,1,0,0,0
2026-03-30,"AZERBAIJAN","SIERRA LEONE",1,1,0,0,0
2026-03-30,"CAPE VERDE","FINLAND",1,1,0,1,0
2026-03-30,"GABON","TRINIDAD AND TOBAGO",1,1,0,0,0
2026-03-30,"UZBEKISTAN","VENEZUELA",1,1,0,0,0
2026-03-31,"BOSNIA AND HERZEGOVINA","ITALY",1,1,0,1,0
2026-03-31,"CZECH REPUBLIC","DENMARK",1,1,0,0,1
